,season,market,name,alias,current_division,wins,losses,ties,pct
0,2013,,,,,0,8,0,0.0
1,2013,,,,,2,10,0,0.2
2,2013,,,,,1,11,0,0.09090909090909091
3,2013,Lane College,,,,3,20,0,0.15
4,2013,Nyack College,,,,10,16,0,0.625
5,2013,Barton College,,,,17,11,0,1.5454545454545454
6,2013,Lynn University,,,,9,18,0,0.5
7,2013,Post University,,,,11,16,0,0.6875
8,2013,Rollins College,,,,14,13,0,1.0769230769230769
9,2013,Shaw University,,,,10,17,0,0.5882352941176471
10,2013,Barry University,,,,19,9,0,2.111111111111111
11,2013,Benedict College,,,,17,11,0,1.5454545454545454
12,2013,Drury University,,,,28,4,0,7.0
13,2013,Felician College,,,,6,20,0,0.3
14,2013,Le Moyne College,,,,17,12,0,1.4166666666666667
15,2013,Lewis University,,,,21,6,0,3.5
16,2013,Walsh University,,,,22,6,0,3.6666666666666665
17,2013,Gannon University,,,,20,10,0,2.0
18,2013,Merrimack College,,,,9,17,0,0.5294117647058824
19,2013,Stonehill College,,,,8,18,0,0.4444444444444444
20,2013,Adelphi University,,,,5,21,0,0.23809523809523808
21,2013,Ashland University,,,,11,15,0,0.7333333333333333
22,2013,Assumption College,,,,7,19,0,0.3684210526315789
23,2013,Augusta University,,,,24,8,0,3.0
24,2013,Bentley University,,,,18,11,0,1.6363636363636365
25,2013,Bloomfield College,,,,21,9,0,2.3333333333333335
26,2013,Concord University,,,,8,21,0,0.38095238095238093
27,2013,Harding University,,,,15,15,0,1.0
28,2013,Livingstone College,,,,21,8,0,2.625
29,2013,Shepherd University,,,,20,10,0,2.0
30,2013,Saint Anselm College,,,,22,8,0,2.75
31,2013,Saint Leo University,,,,24,9,0,2.6666666666666665
32,2013,Bellarmine University,,,,23,8,0,2.875
33,2013,Lindenwood University,,,,11,19,0,0.5789473684210527
34,2013,Mercyhurst University,,,,17,12,0,1.4166666666666667
35,2013,University of Findlay,,,,24,6,0,4.0
36,2013,Upper Iowa University,,,,16,14,0,1.1428571428571428
37,2013,Delta State University,,,,26,7,0,3.7142857142857144
38,2013,Holy Family University,,,,21,10,0,2.1
39,2013,Long Island University,,,,17,12,0,1.4166666666666667
40,2013,Minot State University,,,,8,19,0,0.42105263157894735
41,2013,Glenville State College,,,,18,11,0,1.6363636363636365
42,2013,Lenoir-Rhyne University,,,,16,11,0,1.4545454545454546
43,2013,Saint Michael's College,,,,18,9,0,2.0
44,2013,Simon Fraser University,,,,10,16,0,0.625
45,2013,St. Augustine's College,,,,13,16,0,0.8125
46,2013,University of New Haven,,,,21,9,0,2.3333333333333335
47,2013,West Liberty University,,,,31,4,0,7.75
48,2013,Winona State University,,,,26,8,0,3.25
49,2013,Bemidji State University,,,,18,9,0,2.0
50,2013,Carson-Newman University,,,,19,9,0,2.111111111111111
51,2013,Clark Atlanta University,,,,15,12,0,1.25
52,2013,Colorado School of Mines,,,,25,5,0,5.0
53,2013,Davis and Elkins College,,,,13,17,0,0.7647058823529411
54,2013,Florida Southern College,,,,26,5,0,5.2
55,2013,University of Bridgeport,,,,18,11,0,1.6363636363636365
56,2013,University of Montevallo,,,,26,6,0,4.333333333333333
57,2013,Academy of Art University,,,,6,21,0,0.2857142857142857
58,2013,Fairmont State University,,,,20,10,0,2.0
59,2013,Georgian Court University,,,,2,24,0,0.08333333333333333
60,2013,Humboldt State University,,,,11,17,0,0.6470588235294118
61,2013,Kentucky Wesleyan College,,,,22,9,0,2.4444444444444446
62,2013,Northern State University,,,,18,11,0,1.6363636363636365
63,2013,Tarleton State University,,,,28,3,0,9.333333333333334
64,2013,University of Sioux Falls,,,,15,12,0,1.25
65,2013,Valdosta State University,,,,16,12,0,1.3333333333333333
66,2013,Virginia State University,,,,14,13,0,1.0769230769230769
67,2013,West Texas A&M University,,,,10,17,0,0.5882352941176471
68,2013,Pittsburg State University,,,,8,18,0,0.4444444444444444
69,2013,Seattle Pacific University,,,,26,6,0,4.333333333333333
70,2013,St. Cloud State University,,,,20,8,0,2.5
71,2013,University of Indianapolis,,,,24,5,0,4.8
72,2013,University of West Florida,,,,7,20,0,0.35
73,2013,University of West Georgia,,,,18,12,0,1.5
74,2013,Wheeling Jesuit University,,,,15,13,0,1.1538461538461537
75,2013,Dixie State College of Utah,,,,21,7,0,3.0
76,2013,Johnson C. Smith University,,,,18,12,0,1.5
77,2013,Lincoln Memorial University,,,,28,3,0,9.333333333333334
78,2013,Alderson-Broaddus University,,,,24,5,0,4.8
79,2013,Concordia College (New York),,,,5,21,0,0.23809523809523808
80,2013,Dominican College (New York),,,,18,10,0,1.8
81,2013,Southwest Baptist University,,,,14,15,0,0.9333333333333333
82,2013,California Baptist University,,,,24,4,0,6.0
83,2013,Christian Brothers University,,,,18,11,0,1.6363636363636365
84,2013,Grand Valley State University,,,,19,8,0,2.375
85,2013,Oklahoma Christian University,,,,10,17,0,0.5882352941176471
86,2013,Texas A&M University-Commerce,,,,19,9,0,2.111111111111111
87,2013,Washburn University of Topeka,,,,17,10,0,1.7
88,2013,Western Washington University,,,,20,8,0,2.5
89,2013,American International College,,,,9,19,0,0.47368421052631576
90,2013,Lake Superior State University,,,,27,6,0,4.5
91,2013,Queens University of Charlotte,,,,14,13,0,1.0769230769230769
92,2013,University of Alaska Fairbanks,,,,18,10,0,1.8
93,2013,University of Central Missouri,,,,30,5,0,6.0
94,2013,University of Central Oklahoma,,,,20,10,0,2.0
95,2013,University of Southern Indiana,,,,25,6,0,4.166666666666667
96,2013,West Virginia State University,,,,13,14,0,0.9285714285714286
97,2013,Winston-Salem State University,,,,18,11,0,1.6363636363636365
98,2013,Saginaw Valley State University,,,,9,17,0,0.5294117647058824
99,2013,Augustana College (South Dakota),,,,16,14,0,1.1428571428571428
100,2013,Colorado State University-Pueblo,,,,15,12,0,1.25
101,2013,Lincoln University (Pennsylvania),,,,20,9,0,2.2222222222222223
102,2013,Michigan Technological University,,,,24,8,0,3.0
103,2013,Southern New Hampshire University,,,,16,11,0,1.4545454545454546
104,2013,University of Nebraska at Kearney,,,,15,13,0,1.1538461538461537
105,2013,Wayne State University (Michigan),,,,12,13,0,0.9230769230769231
106,2013,"California State University, Chico",,,,25,8,0,3.125
107,2013,Clarion University of Pennsylvania,,,,5,20,0,0.25
108,2013,Dominican University of California,,,,22,8,0,2.75
109,2013,Georgia College & State University,,,,10,16,0,0.625
110,2013,Indiana University of Pennsylvania,,,,24,5,0,4.8
111,2013,University of South Carolina Aiken,,,,33,4,0,8.25
112,2013,Edinboro University of Pennsylvania,,,,10,16,0,0.625
113,2013,Kutztown University of Pennsylvania,,,,10,17,0,0.5882352941176471
114,2013,Minnesota State University Moorhead,,,,21,8,0,2.625
115,2013,"Minnesota State University, Mankato",,,,30,5,0,6.0
116,2013,Northwest Missouri State University,,,,24,9,0,2.6666666666666665
117,2013,"University of Pittsburgh, Johnstown",,,,13,13,0,1.0
118,2013,Bloomsburg University of Pennsylvania,,,,16,12,0,1.3333333333333333
119,2013,California University of Pennsylvania,,,,11,16,0,0.6875
120,2013,Lock Haven University of Pennsylvania,,,,17,10,0,1.7
121,2013,Southern Connecticut State University,,,,30,3,0,10.0
122,2013,University of the District of Columbia,,,,3,23,0,0.13043478260869565
123,2013,"California State University, Stanislaus",,,,23,9,0,2.5555555555555554
124,2013,Shippensburg University of Pennsylvania,,,,3,23,0,0.13043478260869565
125,2013,West Chester University of Pennsylvania,,,,20,10,0,2.0
126,2013,Slippery Rock University of Pennsylvania,,,,20,11,0,1.8181818181818181
127,2013,University of Charleston (West Virginia),,,,21,9,0,2.3333333333333335
128,2013,University of North Carolina at Pembroke,,,,14,15,0,0.9333333333333333
129,2013,"California State University, San Bernardino",,,,24,5,0,4.8
130,2013,East Stroudsburg University of Pennsylvania,,,,30,2,0,15.0
131,2013,"California State Polytechnic University, Pomona",,,,22,7,0,3.142857142857143
132,2013,,,,,28,2,0,14.0
133,2013,,,,,25,2,0,12.5
134,2013,,,,,26,3,0,8.666666666666666
135,2013,,,,,26,3,0,8.666666666666666
136,2013,,,,,24,3,0,8.0
137,2013,,,,,27,4,0,6.75
138,2013,,,,,29,4,0,7.25
139,2013,,,,,26,4,0,6.5
140,2013,,,,,24,4,0,6.0
141,2013,,,,,24,4,0,6.0
142,2013,,,,,28,5,0,5.6
143,2013,,,,,24,5,0,4.8
144,2013,,,,,22,5,0,4.4
145,2013,,,,,27,5,0,5.4
146,2013,,,,,24,5,0,4.8
147,2013,,,,,25,5,0,5.0
148,2013,,,,,19,6,0,3.1666666666666665
149,2013,,,,,21,6,0,3.5
150,2013,,,,,24,6,0,4.0
151,2013,,,,,19,6,0,3.1666666666666665
152,2013,,,,,19,6,0,3.1666666666666665
153,2013,,,,,22,6,0,3.6666666666666665
154,2013,,,,,22,6,0,3.6666666666666665
155,2013,,,,,24,6,0,4.0
156,2013,,,,,20,6,0,3.3333333333333335
157,2013,,,,,20,6,0,3.3333333333333335
158,2013,,,,,22,7,0,3.142857142857143
159,2013,,,,,20,7,0,2.857142857142857
160,2013,,,,,20,7,0,2.857142857142857
161,2013,,,,,22,7,0,3.142857142857143
162,2013,,,,,19,7,0,2.7142857142857144
163,2013,,,,,19,7,0,2.7142857142857144
164,2013,,,,,22,7,0,3.142857142857143
165,2013,,,,,24,7,0,3.4285714285714284
166,2013,,,,,23,7,0,3.2857142857142856
167,2013,,,,,21,7,0,3.0
168,2013,,,,,24,7,0,3.4285714285714284
169,2013,,,,,21,7,0,3.0
170,2013,,,,,20,8,0,2.5
171,2013,,,,,17,8,0,2.125
172,2013,,,,,20,8,0,2.5
173,2013,,,,,18,8,0,2.25
174,2013,,,,,21,8,0,2.625
175,2013,,,,,21,8,0,2.625
176,2013,,,,,20,8,0,2.5
177,2013,,,,,18,8,0,2.25
178,2013,,,,,20,8,0,2.5
179,2013,,,,,20,8,0,2.5
180,2013,,,,,22,8,0,2.75
181,2013,,,,,19,8,0,2.375
182,2013,,,,,19,8,0,2.375
183,2013,,,,,20,8,0,2.5
184,2013,,,,,17,9,0,1.8888888888888888
185,2013,,,,,21,9,0,2.3333333333333335
186,2013,,,,,18,9,0,2.0
187,2013,,,,,20,9,0,2.2222222222222223
188,2013,,,,,15,9,0,1.6666666666666667
189,2013,,,,,16,9,0,1.7777777777777777
190,2013,,,,,16,9,0,1.7777777777777777
191,2013,,,,,19,9,0,2.111111111111111
192,2013,,,,,17,9,0,1.8888888888888888
193,2013,,,,,15,9,0,1.6666666666666667
194,2013,,,,,19,9,0,2.111111111111111
195,2013,,,,,19,9,0,2.111111111111111
196,2013,,,,,17,9,0,1.8888888888888888
197,2013,,,,,17,9,0,1.8888888888888888
198,2013,,,,,17,9,0,1.8888888888888888
199,2013,,,,,18,10,0,1.8
200,2013,,,,,17,10,0,1.7
201,2013,,,,,16,10,0,1.6
202,2013,,,,,17,10,0,1.7
203,2013,,,,,19,10,0,1.9
204,2013,,,,,18,10,0,1.8
205,2013,,,,,13,10,0,1.3
206,2013,,,,,18,10,0,1.8
207,2013,,,,,16,10,0,1.6
208,2013,,,,,18,10,0,1.8
209,2013,,,,,16,10,0,1.6
210,2013,,,,,16,10,0,1.6
211,2013,,,,,15,10,0,1.5
212,2013,,,,,16,10,0,1.6
213,2013,,,,,18,10,0,1.8
214,2013,,,,,17,10,0,1.7
215,2013,,,,,16,10,0,1.6
216,2013,,,,,16,10,0,1.6
217,2013,,,,,20,10,0,2.0
218,2013,,,,,15,11,0,1.3636363636363635
219,2013,,,,,14,11,0,1.2727272727272727
220,2013,,,,,16,11,0,1.4545454545454546
221,2013,,,,,15,11,0,1.3636363636363635
222,2013,,,,,16,11,0,1.4545454545454546
223,2013,,,,,18,11,0,1.6363636363636365
224,2013,,,,,17,11,0,1.5454545454545454
225,2013,,,,,14,11,0,1.2727272727272727
226,2013,,,,,15,11,0,1.3636363636363635
227,2013,,,,,15,11,0,1.3636363636363635
228,2013,,,,,12,11,0,1.0909090909090908
229,2013,,,,,15,11,0,1.3636363636363635
230,2013,,,,,17,11,0,1.5454545454545454
231,2013,,,,,13,11,0,1.1818181818181819
232,2013,,,,,16,11,0,1.4545454545454546
233,2013,,,,,14,11,0,1.2727272727272727
234,2013,,,,,14,11,0,1.2727272727272727
235,2013,,,,,15,11,0,1.3636363636363635
236,2013,,,,,14,11,0,1.2727272727272727
237,2013,,,,,18,12,0,1.5
238,2013,,,,,14,12,0,1.1666666666666667
239,2013,,,,,13,12,0,1.0833333333333333
240,2013,,,,,16,12,0,1.3333333333333333
241,2013,,,,,16,12,0,1.3333333333333333
242,2013,,,,,12,12,0,1.0
243,2013,,,,,14,12,0,1.1666666666666667
244,2013,,,,,16,12,0,1.3333333333333333
245,2013,,,,,14,12,0,1.1666666666666667
246,2013,,,,,13,12,0,1.0833333333333333
247,2013,,,,,14,12,0,1.1666666666666667
248,2013,,,,,15,12,0,1.25
249,2013,,,,,12,13,0,0.9230769230769231
250,2013,,,,,13,13,0,1.0
251,2013,,,,,15,13,0,1.1538461538461537
252,2013,,,,,14,13,0,1.0769230769230769
253,2013,,,,,14,13,0,1.0769230769230769
254,2013,,,,,11,13,0,0.8461538461538461
255,2013,,,,,14,13,0,1.0769230769230769
256,2013,,,,,14,13,0,1.0769230769230769
257,2013,,,,,12,13,0,0.9230769230769231
258,2013,,,,,12,13,0,0.9230769230769231
259,2013,,,,,15,13,0,1.1538461538461537
260,2013,,,,,12,13,0,0.9230769230769231
261,2013,,,,,14,13,0,1.0769230769230769
262,2013,,,,,12,13,0,0.9230769230769231
263,2013,,,,,13,13,0,1.0
264,2013,,,,,11,13,0,0.8461538461538461
265,2013,,,,,11,14,0,0.7857142857142857
266,2013,,,,,12,14,0,0.8571428571428571
267,2013,,,,,12,14,0,0.8571428571428571
268,2013,,,,,12,14,0,0.8571428571428571
269,2013,,,,,13,14,0,0.9285714285714286
270,2013,,,,,9,14,0,0.6428571428571429
271,2013,,,,,11,14,0,0.7857142857142857
272,2013,,,,,12,14,0,0.8571428571428571
273,2013,,,,,12,14,0,0.8571428571428571
274,2013,,,,,11,14,0,0.7857142857142857
275,2013,,,,,11,14,0,0.7857142857142857
276,2013,,,,,9,14,0,0.6428571428571429
277,2013,,,,,11,14,0,0.7857142857142857
278,2013,,,,,11,14,0,0.7857142857142857
279,2013,,,,,11,15,0,0.7333333333333333
280,2013,,,,,12,15,0,0.8
281,2013,,,,,11,15,0,0.7333333333333333
282,2013,,,,,10,15,0,0.6666666666666666
283,2013,,,,,13,15,0,0.8666666666666667
284,2013,,,,,11,15,0,0.7333333333333333
285,2013,,,,,10,15,0,0.6666666666666666
286,2013,,,,,8,15,0,0.5333333333333333
287,2013,,,,,10,15,0,0.6666666666666666
288,2013,,,,,11,15,0,0.7333333333333333
289,2013,,,,,12,15,0,0.8
290,2013,,,,,13,15,0,0.8666666666666667
291,2013,,,,,11,15,0,0.7333333333333333
292,2013,,,,,9,16,0,0.5625
293,2013,,,,,8,16,0,0.5
294,2013,,,,,9,16,0,0.5625
295,2013,,,,,10,16,0,0.625
296,2013,,,,,9,16,0,0.5625
297,2013,,,,,10,16,0,0.625
298,2013,,,,,10,16,0,0.625
299,2013,,,,,10,16,0,0.625
300,2013,,,,,9,17,0,0.5294117647058824
301,2013,,,,,8,17,0,0.47058823529411764
302,2013,,,,,8,17,0,0.47058823529411764
303,2013,,,,,9,17,0,0.5294117647058824
304,2013,,,,,8,17,0,0.47058823529411764
305,2013,,,,,8,17,0,0.47058823529411764
306,2013,,,,,8,17,0,0.47058823529411764
307,2013,,,,,8,17,0,0.47058823529411764
308,2013,,,,,6,17,0,0.35294117647058826
309,2013,,,,,8,17,0,0.47058823529411764
310,2013,,,,,8,17,0,0.47058823529411764
311,2013,,,,,9,17,0,0.5294117647058824
312,2013,,,,,8,17,0,0.47058823529411764
313,2013,,,,,7,18,0,0.3888888888888889
314,2013,,,,,4,18,0,0.2222222222222222
315,2013,,,,,7,18,0,0.3888888888888889
316,2013,,,,,7,18,0,0.3888888888888889
317,2013,,,,,5,18,0,0.2777777777777778
318,2013,,,,,8,18,0,0.4444444444444444
319,2013,,,,,8,18,0,0.4444444444444444
320,2013,,,,,8,18,0,0.4444444444444444
321,2013,,,,,6,19,0,0.3157894736842105
322,2013,,,,,6,19,0,0.3157894736842105
323,2013,,,,,6,19,0,0.3157894736842105
324,2013,,,,,7,19,0,0.3684210526315789
325,2013,,,,,6,19,0,0.3157894736842105
326,2013,,,,,6,19,0,0.3157894736842105
327,2013,,,,,6,19,0,0.3157894736842105
328,2013,,,,,6,19,0,0.3157894736842105
329,2013,,,,,5,20,0,0.25
330,2013,,,,,6,20,0,0.3
331,2013,,,,,5,20,0,0.25
332,2013,,,,,6,20,0,0.3
333,2013,,,,,4,21,0,0.19047619047619047
334,2013,,,,,4,21,0,0.19047619047619047
335,2013,,,,,4,21,0,0.19047619047619047
336,2013,,,,,4,22,0,0.18181818181818182
337,2013,,,,,1,22,0,0.045454545454545456
338,2013,,,,,2,22,0,0.09090909090909091
339,2013,,,,,2,23,0,0.08695652173913043
340,2013,,,,,2,23,0,0.08695652173913043
341,2013,,,,,1,24,0,0.041666666666666664
342,2013,,,,,1,24,0,0.041666666666666664
343,2013,Curry College,,,,5,20,0,0.25
344,2013,Keuka College,,,,6,17,0,0.35294117647058826
345,2013,Elmira College,,,,10,15,0,0.6666666666666666
346,2013,Gordon College,,,,18,11,0,1.6363636363636365
347,2013,Cornell College,,,,9,14,0,0.6428571428571429
348,2013,Emory University,,,,19,9,0,2.111111111111111
349,2013,Lakeland College,,,,19,8,0,2.375
350,2013,Wartburg College,,,,13,13,0,1.0
351,2013,Whittier College,,,,11,14,0,0.7857142857142857
352,2013,Lynchburg College,,,,17,9,0,1.8888888888888888
353,2013,Arcadia University,,,,9,16,0,0.5625
354,2013,Rockford University,,,,10,15,0,0.6666666666666666
355,2013,Whitworth University,,,,23,6,0,3.8333333333333335
356,2013,University of Puget Sound,,,,15,12,0,1.25
357,2013,Wilmington College (Ohio),,,,19,9,0,2.111111111111111
358,2013,York College (Pennsylvania),,,,5,20,0,0.25
359,2013,Augustana College (Illinois),,,,20,8,0,2.5
360,2013,East Texas Baptist University,,,,11,15,0,0.7333333333333333
361,2013,Bethany College (West Virginia),,,,21,6,0,3.5
362,2013,Wheaton College (Massachusetts),,,,9,15,0,0.6
363,2013,"University of Wisconsin, La Crosse",,,,17,10,0,1.7
364,2013,"University of Massachusetts, Boston",,,,6,20,0,0.3
365,2013,Franciscan University of Steubenville,,,,6,18,0,0.3333333333333333
366,2013,State University of New York Maritime College,,,,3,22,0,0.13636363636363635
367,2013,University of Evansville,Aces,EVAN,D1,14,19,0,0.7368421052631579
368,2013,University of San Francisco,Dons,SF,D1,21,12,0,1.75
369,2013,University of Tennessee at Chattanooga,Mocs,CHAT,D1,18,15,0,1.2
370,2013,Rice University,Owls,RICE,D1,7,23,0,0.30434782608695654
371,2013,Temple University,Owls,TEM,D1,9,22,0,0.4090909090909091
372,2013,Kennesaw State University,Owls,KENN,D1,6,25,0,0.24
373,2013,Florida Atlantic University,Owls,FAU,D1,10,22,0,0.45454545454545453
374,2013,Fordham University,Rams,FOR,D1,10,21,0,0.47619047619047616
375,2013,Colorado State University,Rams,CSU,D1,16,16,0,1.0
376,2013,University of Rhode Island,Rams,URI,D1,14,18,0,0.7777777777777778
377,2013,Virginia Commonwealth University,Rams,VCU,D1,26,9,0,2.888888888888889
378,2013,University of Utah,Utes,UTAH,D1,21,12,0,1.75
379,2013,University of Akron,Zips,AKR,D1,21,13,0,1.6153846153846154
380,2013,Long Beach State University,49ers,LBSU,D1,15,17,0,0.8823529411764706
381,2013,"University of North Carolina, Charlotte",49ers,CHAR,D1,17,14,0,1.2142857142857142
382,2013,Brown University,Bears,BRWN,D1,15,14,0,1.0714285714285714
383,2013,Baylor University,Bears,BAY,D1,26,12,0,2.1666666666666665
384,2013,Mercer University,Bears,MER,D1,27,9,0,3.0
385,2013,Morgan State University,Bears,MORG,D1,15,16,0,0.9375
386,2013,Missouri State University,Bears,MOSU,D1,20,13,0,1.5384615384615385
387,2013,University of Central Arkansas,Bears,CARK,D1,8,21,0,0.38095238095238093
388,2013,University of Northern Colorado,Bears,UNCO,D1,18,14,0,1.2857142857142858
389,2013,Howard University,Bison,HOW,D1,8,25,0,0.32
390,2013,Bucknell University,Bison,BUCK,D1,16,14,0,1.1428571428571428
391,2013,North Dakota State University,Bison,NDSU,D1,26,7,0,3.7142857142857144
392,2013,University of South Florida,Bulls,USF,D1,12,20,0,0.6
393,2013,"University at Buffalo, the State University of New York",Bulls,BUFF,D1,19,10,0,1.9
394,2013,University of Oregon,Ducks,ORE,D1,24,10,0,2.4
395,2013,Duquesne University,Dukes,DUQ,D1,13,17,0,0.7647058823529411
396,2013,James Madison University,Dukes,JMU,D1,11,20,0,0.55
397,2013,Iona College,Gaels,IONA,D1,22,11,0,2.0
398,2013,St. Mary's College of California,Gaels,SMC,D1,23,12,0,1.9166666666666667
399,2013,Monmouth University,Hawks,MONM,D1,11,21,0,0.5238095238095238
400,2013,University of Hartford,Hawks,HART,D1,17,16,0,1.0625
401,2013,Saint Joseph's University,Hawks,JOES,D1,24,10,0,2.4
402,2013,"University of Maryland, Eastern Shore",Hawks,UMES,D1,6,24,0,0.25
403,2013,Georgetown University,Hoyas,GTWN,D1,18,15,0,1.2
404,2013,Loyola Marymount University,Lions,LMU,D1,13,19,0,0.6842105263157895
405,2013,Southeastern Louisiana University,Lions,SELA,D1,12,18,0,0.6666666666666666
406,2013,Columbia University-Barnard College,Lions,CLMB,D1,21,13,0,1.6153846153846154
407,2013,University of New Mexico,Lobos,UNM,D1,27,7,0,3.857142857142857
408,2013,Northern Kentucky University,Norse,NKU,D1,9,21,0,0.42857142857142855
409,2013,Hofstra University,Pride,HOF,D1,10,23,0,0.43478260869565216
410,2013,Fairfield University,Stags,FAIR,D1,7,25,0,0.28
411,2013,College of William and Mary,Tribe,WM,D1,20,12,0,1.6666666666666667
412,2013,Pepperdine University,Waves,PEPP,D1,15,16,0,0.9375
413,2013,Utah State University,Aggies,USU,D1,18,14,0,1.2857142857142858
414,2013,New Mexico State University,Aggies,NMSU,D1,26,10,0,2.6
415,2013,"University of California, Davis",Aggies,UCD,D1,9,22,0,0.4090909090909091
416,2013,North Carolina A&T State University,Aggies,NCAT,D1,9,23,0,0.391304347826087
417,2013,"Texas A&M University, College Station",Aggies,TXAM,D1,18,16,0,1.125
418,2013,San Diego State University,Aztecs,SDSU,D1,31,5,0,6.2
419,2013,Lipscomb University,Bisons,LIP,D1,15,15,0,1.0
420,2013,Bradley University,Braves,BRAD,D1,12,20,0,0.6
421,2013,Alcorn State University,Braves,ALCN,D1,12,19,0,0.631578947368421
422,2013,Rider University,Broncs,RID,D1,14,17,0,0.8235294117647058
423,2013,Belmont University,Bruins,BEL,D1,26,10,0,2.6
424,2013,"University of California, Los Angeles",Bruins,UCLA,D1,28,9,0,3.111111111111111
425,2013,Northwestern State University,Demons,NWST,D1,17,14,0,1.2142857142857142
426,2013,Boston College,Eagles,BC,D1,8,24,0,0.3333333333333333
427,2013,American University,Eagles,AMER,D1,20,13,0,1.5384615384615385
428,2013,Winthrop University,Eagles,WIN,D1,20,13,0,1.5384615384615385
429,2013,Coppin State University,Eagles,COPP,D1,12,20,0,0.6
430,2013,Morehead State University,Eagles,MORE,D1,20,14,0,1.4285714285714286
431,2013,Eastern Michigan University,Eagles,EMU,D1,22,15,0,1.4666666666666666
432,2013,Georgia Southern University,Eagles,GASO,D1,15,19,0,0.7894736842105263
433,2013,Eastern Washington University,Eagles,EWU,D1,15,16,0,0.9375
434,2013,Florida Gulf Coast University,Eagles,FGCU,D1,22,13,0,1.6923076923076923
435,2013,North Carolina Central University,Eagles,NCCU,D1,28,6,0,4.666666666666667
436,2013,Liberty University,Flames,LIB,D1,11,21,0,0.5238095238095238
437,2013,University of Illinois at Chicago,Flames,UIC,D1,6,25,0,0.24
438,2013,University of Dayton,Flyers,DAY,D1,26,11,0,2.3636363636363638
439,2013,Providence College,Friars,PROV,D1,23,12,0,1.9166666666666667
440,2013,University of Florida,Gators,FLA,D1,36,3,0,12.0
441,2013,Virginia Polytechnic Institute & State University,Hokies,VT,D1,9,22,0,0.4090909090909091
442,2013,University of Texas at El Paso,Miners,UTEP,D1,23,11,0,2.090909090909091
443,2013,Syracuse University,Orange,SYR,D1,28,6,0,4.666666666666667
444,2013,University of Portland,Pilots,PORT,D1,15,16,0,0.9375
445,2013,Murray State University,Racers,MURR,D1,23,11,0,2.090909090909091
446,2013,University of Mississippi,Rebels,MISS,D1,19,14,0,1.3571428571428572
447,2013,"University of Nevada, Las Vegas",Rebels,UNLV,D1,20,13,0,1.5384615384615385
448,2013,Siena College,Saints,SIE,D1,20,18,0,1.1111111111111112
449,2013,Auburn University,Tigers,AUB,D1,14,16,0,0.875
450,2013,Towson University,Tigers,TOWS,D1,25,11,0,2.272727272727273
451,2013,Clemson University,Tigers,CLEM,D1,23,13,0,1.7692307692307692
452,2013,Princeton University,Tigers,PRIN,D1,21,9,0,2.3333333333333335
453,2013,University of Memphis,Tigers,MEM,D1,24,10,0,2.4
454,2013,Jackson State University,Tigers,JKST,D1,11,20,0,0.55
455,2013,Savannah State University,Tigers,SAV,D1,13,19,0,0.6842105263157895
456,2013,Texas Southern University,Tigers,TXSO,D1,19,15,0,1.2666666666666666
457,2013,University of the Pacific,Tigers,PAC,D1,18,16,0,1.125
458,2013,Grambling State University,Tigers,GRAM,D1,5,24,0,0.20833333333333334
459,2013,Louisiana State University,Tigers,LSU,D1,20,14,0,1.4285714285714286
460,2013,Tennessee State University,Tigers,TNST,D1,5,25,0,0.2
461,2013,"University of Missouri, Columbia",Tigers,MIZZ,D1,23,12,0,1.9166666666666667
462,2013,University of Detroit Mercy,Titans,DET,D1,13,19,0,0.6842105263157895
463,2013,"California State University, Fullerton",Titans,CSF,D1,11,20,0,0.55
464,2013,"University of Wisconsin, Madison",Badgers,WIS,D1,30,8,0,3.75
465,2013,Oregon State University,Beavers,ORST,D1,16,16,0,1.0
466,2013,Idaho State University,Bengals,IDST,D1,11,18,0,0.6111111111111112
467,2013,Cornell University,Big Red,COR,D1,2,26,0,0.07692307692307693
468,2013,University of Alabama at Birmingham,Blazers,UAB,D1,18,13,0,1.3846153846153846
469,2013,Ohio University,Bobcats,OHIO,D1,25,12,0,2.0833333333333335
470,2013,Quinnipiac University,Bobcats,QUIN,D1,20,12,0,1.6666666666666667
471,2013,Montana State University-Bozeman,Bobcats,MTST,D1,14,17,0,0.8235294117647058
472,2013,Texas State University-San Marcos,Bobcats,TXST,D1,8,23,0,0.34782608695652173
473,2013,St. Bonaventure University,Bonnies,SBON,D1,18,15,0,1.2
474,2013,Boise State University,Broncos,BSU,D1,21,13,0,1.6153846153846154
475,2013,Santa Clara University,Broncos,SCU,D1,14,19,0,0.7368421052631579
476,2013,Western Michigan University,Broncos,WMU,D1,23,10,0,2.3
477,2013,University of Houston,Cougars,HOU,D1,17,16,0,1.0625
478,2013,Brigham Young University,Cougars,BYU,D1,23,12,0,1.9166666666666667
479,2013,Chicago State University,Cougars,CHS,D1,13,19,0,0.6842105263157895
480,2013,Washington State University,Cougars,WSU,D1,10,21,0,0.47619047619047616
481,2013,College of Charleston (South Carolina),Cougars,COFC,D1,14,18,0,0.7777777777777778
482,2013,Southern Illinois University Edwardsville,Cougars,SIUE,D1,11,20,0,0.55
483,2013,University of Wyoming,Cowboys,WYO,D1,18,15,0,1.2
484,2013,McNeese State University,Cowboys,MCNS,D1,11,20,0,0.55
485,2013,Oklahoma State University,Cowboys,OKST,D1,21,13,0,1.6153846153846154
486,2013,University of South Dakota,Coyotes,SDAK,D1,12,18,0,0.6666666666666666
487,2013,Harvard University,Crimson,HARV,D1,27,5,0,5.4
488,2013,Drexel University,Dragons,DREX,D1,16,14,0,1.1428571428571428
489,2013,U.S. Air Force Academy,Falcons,AFA,D1,12,18,0,0.6666666666666666
490,2013,Bowling Green State University,Falcons,BGSU,D1,12,20,0,0.6
491,2013,"University of California, Santa Barbara",Gauchos,UCSB,D1,21,9,0,2.3333333333333335
492,2013,Stetson University,Hatters,STET,D1,7,24,0,0.2916666666666667
493,2013,Alabama State University,Hornets,ALST,D1,19,13,0,1.4615384615384615
494,2013,Delaware State University,Hornets,DSU,D1,9,21,0,0.42857142857142855
495,2013,"California State University, Sacramento",Hornets,SAC,D1,14,16,0,0.875
496,2013,Northeastern University,Huskies,NE,D1,11,21,0,0.5238095238095238
497,2013,University of Washington,Huskies,WASH,D1,17,15,0,1.1333333333333333
498,2013,University of Connecticut,Huskies,CONN,D1,32,8,0,4.0
499,2013,Houston Baptist University,Huskies,HBU,D1,6,25,0,0.24
500,2013,Northern Illinois University,Huskies,NIU,D1,15,17,0,0.8823529411764706
501,2013,University of South Alabama,Jaguars,USA,D1,11,20,0,0.55
502,2013,"Southern University, Baton Rouge",Jaguars,SOU,D1,19,13,0,1.4615384615384615
503,2013,Indiana University-Purdue University at Indianapolis,Jaguars,IUPU,D1,6,26,0,0.23076923076923078
504,2013,Manhattan College,Jaspers,MAN,D1,25,8,0,3.125
505,2013,Virginia Military Institute,Keydets,VMI,D1,22,13,0,1.6923076923076923
506,2013,University of Central Florida,Knights,UCF,D1,13,18,0,0.7222222222222222
507,2013,"Fairleigh Dickinson University, Metropolitan",Knights,FDU,D1,10,21,0,0.47619047619047616
508,2013,Longwood University,Lancers,LONG,D1,8,24,0,0.3333333333333333
509,2013,University of North Florida,Ospreys,UNF,D1,16,16,0,1.0
510,2013,Elon University,Phoenix,ELON,D1,18,14,0,1.2857142857142858
511,2013,"University of Wisconsin, Green Bay",Phoenix,GB,D1,24,7,0,3.4285714285714284
512,2013,Hampton University,Pirates,HAMP,D1,18,13,0,1.3846153846153846
513,2013,Seton Hall University,Pirates,HALL,D1,17,17,0,1.0
514,2013,East Carolina University,Pirates,ECU,D1,17,17,0,1.0
515,2013,University of Pennsylvania,Quakers,PENN,D1,8,20,0,0.4
516,2013,Colgate University,Raiders,COLG,D1,13,18,0,0.7222222222222222
517,2013,Wright State University,Raiders,WRST,D1,21,15,0,1.4
518,2013,University of Toledo,Rockets,TOL,D1,27,7,0,3.857142857142857
519,2013,Southern Illinois University at Carbondale,Salukis,SIU,D1,14,19,0,0.7368421052631579
520,2013,University of Oklahoma,Sooners,OKLA,D1,23,10,0,2.3
521,2013,University of Richmond,Spiders,RICH,D1,19,14,0,1.3571428571428572
522,2013,University of San Diego,Toreros,USD,D1,18,17,0,1.0588235294117647
523,2013,Troy University,Trojans,TROY,D1,11,20,0,0.55
524,2013,University of Southern California,Trojans,USC,D1,11,21,0,0.5238095238095238
525,2013,"University of Arkansas, Little Rock",Trojans,UALR,D1,15,17,0,0.8823529411764706
526,2013,University of Idaho,Vandals,IDHO,D1,16,18,0,0.8888888888888888
527,2013,Portland State University,Vikings,PRST,D1,17,15,0,1.1333333333333333
528,2013,Cleveland State University,Vikings,CLEV,D1,21,12,0,1.75
529,2013,Binghamton University,Bearcats,BING,D1,7,23,0,0.30434782608695654
530,2013,University of Cincinnati,Bearcats,CIN,D1,27,7,0,3.857142857142857
531,2013,Sam Houston State University,Bearkats,SHSU,D1,24,11,0,2.1818181818181817
532,2013,Creighton University,Bluejays,CREI,D1,27,8,0,3.375
533,2013,The Ohio State University,Buckeyes,OSU,D1,25,10,0,2.5
534,2013,The Citadel,Bulldogs,CIT,D1,7,26,0,0.2692307692307692
535,2013,Yale University,Bulldogs,YALE,D1,19,14,0,1.3571428571428572
536,2013,Drake University,Bulldogs,DRKE,D1,15,16,0,0.9375
537,2013,Bryant University,Bulldogs,BRY,D1,18,14,0,1.2857142857142858
538,2013,Butler University,Bulldogs,BUT,D1,14,17,0,0.8235294117647058
539,2013,Gonzaga University,Bulldogs,GONZ,D1,29,7,0,4.142857142857143
540,2013,Samford University,Bulldogs,SAM,D1,13,20,0,0.65
541,2013,University of Georgia,Bulldogs,UGA,D1,20,14,0,1.4285714285714286
542,2013,Alabama A&M University,Bulldogs,AAMU,D1,14,16,0,0.875
543,2013,Louisiana Tech University,Bulldogs,LT,D1,29,8,0,3.625
544,2013,Mississippi State University,Bulldogs,MSST,D1,14,19,0,0.7368421052631579
545,2013,South Carolina State University,Bulldogs,SCST,D1,9,21,0,0.42857142857142855
546,2013,"California State University, Fresno",Bulldogs,FRES,D1,21,18,0,1.1666666666666667
547,2013,"University of North Carolina, Asheville",Bulldogs,UNCA,D1,17,15,0,1.1333333333333333
548,2013,Stanford University,Cardinal,STAN,D1,23,13,0,1.7692307692307692
549,2013,Nicholls State University,Colonels,NICH,D1,14,15,0,0.9333333333333333
550,2013,Eastern Kentucky University,Colonels,EKY,D1,24,10,0,2.4
551,2013,Iowa State University,Cyclones,ISU,D1,28,8,0,3.5
552,2013,Jacksonville University,Dolphins,JAC,D1,12,18,0,0.6666666666666666
553,2013,University of Iowa,Hawkeyes,IOWA,D1,20,13,0,1.5384615384615385
554,2013,"Indiana University, Bloomington",Hoosiers,IND,D1,17,15,0,1.1333333333333333
555,2013,University of Kansas,Jayhawks,KU,D1,25,10,0,2.5
556,2013,Lafayette College,Leopards,LAF,D1,11,20,0,0.55
557,2013,"California State University, Northridge",Matadors,CSN,D1,0,18,0,0.0
558,2013,Old Dominion University,Monarchs,ODU,D1,18,18,0,1.0
559,2013,Southern Methodist University,Mustangs,SMU,D1,0,10,0,0.0
560,2013,California Polytechnic State University,Mustangs,CP,D1,14,20,0,0.7
561,2013,Furman University,Paladins,FUR,D1,9,21,0,0.42857142857142855
562,2013,High Point University,Panthers,HP,D1,16,15,0,1.0666666666666667
563,2013,Georgia State University,Panthers,GAST,D1,25,9,0,2.7777777777777777
564,2013,University of Pittsburgh,Panthers,PITT,D1,26,10,0,2.6
565,2013,Eastern Illinois University,Panthers,EIU,D1,11,19,0,0.5789473684210527
566,2013,Prairie View A&M University,Panthers,PV,D1,11,23,0,0.4782608695652174
567,2013,University of Northern Iowa,Panthers,UNI,D1,16,15,0,1.0666666666666667
568,2013,"University of Wisconsin, Milwaukee",Panthers,MILW,D1,21,14,0,1.5
569,2013,George Mason University,Patriots,GMU,D1,11,20,0,0.55
570,2013,St. Peter's College,Peacocks,SPC,D1,14,17,0,0.8235294117647058
571,2013,Youngstown State University,Penguins,YSU,D1,15,17,0,0.8823529411764706
572,2013,University of Denver,Pioneers,DEN,D1,16,15,0,1.0666666666666667
573,2013,Sacred Heart University,Pioneers,SHU,D1,5,26,0,0.19230769230769232
574,2013,Loyola University (Illinois),Ramblers,L-IL,D1,10,22,0,0.45454545454545453
575,2013,Florida A&M University,Rattlers,FAMU,D1,14,18,0,0.7777777777777778
576,2013,Miami University (Ohio),RedHawks,M-OH,D1,13,18,0,0.7222222222222222
577,2013,Illinois State University,Redbirds,ILST,D1,18,16,0,1.125
578,2013,Seattle University,Redhawks,SEA,D1,13,17,0,0.7647058823529411
579,2013,Southeast Missouri State University,Redhawks,SEMO,D1,18,14,0,1.2857142857142858
580,2013,Wagner College,Seahawks,WAG,D1,19,12,0,1.5833333333333333
581,2013,University of North Carolina Wilmington,Seahawks,UNCW,D1,9,23,0,0.391304347826087
582,2013,Wichita State University,Shockers,WICH,D1,35,1,0,35.0
583,2013,University of Tennessee at Martin,Skyhawks,UTM,D1,8,23,0,0.34782608695652173
584,2013,Norfolk State University,Spartans,NORF,D1,19,15,0,1.2666666666666666
585,2013,Michigan State University,Spartans,MSU,D1,29,9,0,3.2222222222222223
586,2013,San Jose State University,Spartans,SJSU,D1,7,24,0,0.2916666666666667
587,2013,University of South Carolina Upstate,Spartans,SCUS,D1,19,15,0,1.2666666666666666
588,2013,University of North Carolina at Greensboro,Spartans,UNCG,D1,14,18,0,0.7777777777777778
589,2013,Wofford College,Terriers,WOF,D1,20,13,0,1.5384615384615385
590,2013,Boston University,Terriers,BU,D1,24,11,0,2.1818181818181817
591,2013,St. Francis College (Brooklyn),Terriers,SFNY,D1,18,14,0,1.2857142857142858
592,2013,"University of Texas, Pan American",Vaqueros,UTRGV,D1,9,23,0,0.391304347826087
593,2013,University of Louisiana at Monroe,Warhawks,ULM,D1,10,17,0,0.5882352941176471
594,2013,"University of Hawaii, Manoa",Warriors,HAW,D1,0,11,0,0.0
595,2013,Davidson College,Wildcats,DAV,D1,20,13,0,1.5384615384615385
596,2013,Villanova University,Wildcats,VILL,D1,29,5,0,5.8
597,2013,University of Arizona,Wildcats,ARIZ,D1,33,5,0,6.6
598,2013,University of Kentucky,Wildcats,UK,D1,29,11,0,2.6363636363636362
599,2013,Weber State University,Wildcats,WEB,D1,19,12,0,1.5833333333333333
600,2013,Kansas State University,Wildcats,KSU,D1,20,13,0,1.5384615384615385
601,2013,Northwestern University,Wildcats,NW,D1,14,19,0,0.7368421052631579
602,2013,Bethune-Cookman University,Wildcats,COOK,D1,7,25,0,0.28
603,2013,University of New Hampshire,Wildcats,UNH,D1,6,24,0,0.25
604,2013,Abilene Christian University,Wildcats,AC,D1,11,20,0,0.55
605,2013,North Carolina State University,Wolfpack,NCST,D1,22,14,0,1.5714285714285714
606,2013,"University of California, Irvine",Anteaters,UCI,D1,23,12,0,1.9166666666666667
607,2013,Grand Canyon University,Antelopes,GC,D1,15,15,0,1.0
608,2013,Dartmouth College,Big Green,DART,D1,12,16,0,0.75
609,2013,Saint Louis University,Billikens,SLU,D1,27,7,0,3.857142857142857
610,2013,Presbyterian College,Blue Hose,PRE,D1,6,26,0,0.23076923076923078
611,2013,"University of Colorado, Boulder",Buffaloes,COLO,D1,23,12,0,1.9166666666666667
612,2013,Lamar University,Cardinals,LAM,D1,4,26,0,0.15384615384615385
613,2013,Ball State University,Cardinals,BALL,D1,5,25,0,0.2
614,2013,University of Louisville,Cardinals,LOU,D1,31,6,0,5.166666666666667
615,2013,University of the Incarnate Word,Cardinals,IW,D1,21,6,0,3.5
616,2013,University of Virginia,Cavaliers,UVA,D1,30,7,0,4.285714285714286
617,2013,Central Michigan University,Chippewas,CMU,D1,10,21,0,0.47619047619047616
618,2013,Robert Morris University,Colonials,RMU,D1,22,14,0,1.5714285714285714
619,2013,George Washington University,Colonials,GW,D1,24,9,0,2.6666666666666665
620,2013,Valparaiso University,Crusaders,VALP,D1,18,16,0,1.125
621,2013,College of the Holy Cross,Crusaders,HC,D1,20,14,0,1.4285714285714286
622,2013,La Salle University,Explorers,LAS,D1,15,16,0,0.9375
623,2013,Jacksonville State University,Gamecocks,JVST,D1,10,21,0,0.47619047619047616
624,2013,"University of South Carolina, Columbia",Gamecocks,SCAR,D1,14,20,0,0.7
625,2013,Austin Peay State University,Governors,PEAY,D1,12,18,0,0.6666666666666666
626,2013,University of Montana,Grizzlies,MONT,D1,17,13,0,1.3076923076923077
627,2013,Texas A&M University-Corpus Christi,Islanders,AMCC,D1,18,16,0,1.125
628,2013,University of Missouri-Kansas City,Kangaroos,UMKC,D1,10,20,0,0.5
629,2013,University of Texas at Austin,Longhorns,TEX,D1,24,11,0,2.1818181818181817
630,2013,"Indiana University-Purdue University, Fort Wayne",Mastodons,IPFW,D1,25,11,0,2.272727272727273
631,2013,University of Nebraska Omaha,Mavericks,NEOM,D1,17,15,0,1.1333333333333333
632,2013,University of Texas at Arlington,Mavericks,UTA,D1,15,17,0,0.8823529411764706
633,2013,"University of Massachusetts, Amherst",Minutemen,MASS,D1,24,9,0,2.6666666666666665
634,2013,Saint Francis University (Pennsylvania),Red Flash,SFPA,D1,10,21,0,0.47619047619047616
635,2013,Marist College,Red Foxes,MRST,D1,12,19,0,0.631578947368421
636,2013,St. John's University (New York),Red Storm,SJU,D1,20,13,0,1.5384615384615385
637,2013,Stony Brook University,Seawolves,STON,D1,23,11,0,2.090909090909091
638,2013,Florida State University,Seminoles,FSU,D1,22,14,0,1.5714285714285714
639,2013,Indiana State University,Sycamores,INST,D1,23,11,0,2.090909090909091
640,2013,"University of North Carolina, Chapel Hill",Tar Heels,UNC,D1,24,10,0,2.4
641,2013,"University of Maryland, College Park",Terrapins,MD,D1,17,15,0,1.1333333333333333
642,2013,University of Nevada,Wolf Pack,NEV,D1,15,17,0,0.8823529411764706
643,2013,Long Island University-Brooklyn Campus,Blackbirds,LIU,D1,9,20,0,0.45
644,2013,Charleston Southern University,Buccaneers,CHSO,D1,13,18,0,0.7222222222222222
645,2013,East Tennessee State University,Buccaneers,ETSU,D1,19,16,0,1.1875
646,2013,University of Vermont,Catamounts,UVM,D1,22,11,0,2.0
647,2013,Western Carolina University,Catamounts,WCU,D1,19,15,0,1.2666666666666666
648,2013,Vanderbilt University,Commodores,VAN,D1,15,16,0,0.9375
649,2013,Tulane University,Green Wave,TULN,D1,17,17,0,1.0
650,2013,Loyola University Maryland,Greyhounds,L-MD,D1,11,19,0,0.5789473684210527
651,2013,University of Miami (Florida),Hurricanes,MIA,D1,17,16,0,1.0625
652,2013,University of North Texas,Mean Green,UNT,D1,16,16,0,1.0
653,2013,U.S. Naval Academy,Midshipmen,NAVY,D1,9,21,0,0.42857142857142855
654,2013,Xavier University,Musketeers,XAV,D1,21,13,0,1.6153846153846154
655,2013,University of New Orleans,Privateers,UNO,D1,11,15,0,0.7333333333333333
656,2013,"University of Arkansas, Fayetteville",Razorbacks,ARK,D1,22,12,0,1.8333333333333333
657,2013,Arkansas State University,Red Wolves,ARST,D1,19,13,0,1.4615384615384615
658,2013,"University of Maryland, Baltimore County",Retrievers,UMBC,D1,9,21,0,0.42857142857142855
659,2013,Arizona State University,Sun Devils,ASU,D1,21,12,0,1.75
660,2013,"University of Tennessee, Knoxville",Volunteers,TENN,D1,24,13,0,1.8461538461538463
661,2013,University of Michigan,Wolverines,MICH,D1,28,9,0,3.111111111111111
662,2013,Utah Valley University,Wolverines,UVU,D1,20,12,0,1.6666666666666667
663,2013,"University of Maine, Orono",Black Bears,ME,D1,6,23,0,0.2608695652173913
664,2013,DePaul University,Blue Demons,DEP,D1,12,21,0,0.5714285714285714
665,2013,Duke University,Blue Devils,DUKE,D1,26,9,0,2.888888888888889
666,2013,Central Connecticut State University,Blue Devils,CCSU,D1,11,19,0,0.5789473684210527
667,2013,"University of Nebraska, Lincoln",Cornhuskers,NEB,D1,19,13,0,1.4615384615384615
668,2013,University at Albany,Great Danes,ALBY,D1,19,15,0,1.2666666666666666
669,2013,Radford University,Highlanders,RAD,D1,22,13,0,1.6923076923076923
670,2013,New Jersey Institute of Technology,Highlanders,NJIT,D1,13,16,0,0.8125
671,2013,"University of California, Riverside",Highlanders,UCRV,D1,10,21,0,0.47619047619047616
672,2013,Western Kentucky University,Hilltoppers,WKU,D1,20,12,0,1.6666666666666667
673,2013,South Dakota State University,Jackrabbits,SDST,D1,19,13,0,1.4615384615384615
674,2013,Northern Arizona University,Lumberjacks,NAU,D1,15,17,0,0.8823529411764706
675,2013,Stephen F. Austin State University,Lumberjacks,SFA,D1,32,3,0,10.666666666666666
676,2013,Texas Tech University,Red Raiders,TTU,D1,14,18,0,0.7777777777777778
677,2013,University of Massachusetts Lowell,River Hawks,MASSL,D1,10,18,0,0.5555555555555556
678,2013,University of Texas at San Antonio,Roadrunners,UTSA,D1,8,22,0,0.36363636363636365
679,2013,"California State University, Bakersfield",Roadrunners,CSB,D1,13,19,0,0.6842105263157895
680,2013,Middle Tennessee State University,Blue Raiders,MTU,D1,24,9,0,2.6666666666666665
681,2013,Purdue University,Boilermakers,PUR,D1,15,17,0,0.8823529411764706
682,2013,Coastal Carolina University,Chanticleers,CCAR,D1,21,13,0,1.6153846153846154
683,2013,University of Alabama,Crimson Tide,ALA,D1,13,19,0,0.6842105263157895
684,2013,Mississippi Valley State University,Delta Devils,MVSU,D1,9,23,0,0.391304347826087
685,2013,"University of California, Berkeley",Golden Bears,CAL,D1,21,14,0,1.5
686,2013,"University of Arkansas, Pine Bluff",Golden Lions,ARPB,D1,13,18,0,0.7222222222222222
687,2013,Texas Christian University,Horned Frogs,TCU,D1,9,22,0,0.4090909090909091
688,2013,Western Illinois University,Leathernecks,WIU,D1,10,20,0,0.5
689,2013,West Virginia University,Mountaineers,WVU,D1,17,16,0,1.0625
690,2013,Mount St. Mary's University,Mountaineers,MSM,D1,16,17,0,0.9411764705882353
691,2013,Appalachian State University,Mountaineers,APP,D1,9,21,0,0.42857142857142855
692,2013,Southern Utah University,Thunderbirds,SUU,D1,2,27,0,0.07407407407407407
693,2013,U.S. Military Academy,Black Knights,ARMY,D1,15,16,0,0.9375
694,2013,Wake Forest University,Demon Deacons,WAKE,D1,17,16,0,1.0625
695,2013,Marquette University,Golden Eagles,MARQ,D1,17,15,0,1.1333333333333333
696,2013,Oral Roberts University,Golden Eagles,ORU,D1,17,16,0,1.0625
697,2013,Tennessee Technological University,Golden Eagles,TNTC,D1,17,16,0,1.0625
698,2013,University of Southern Mississippi,Golden Eagles,USM,D1,0,7,0,0.0
699,2013,Pennsylvania State University,Nittany Lions,PSU,D1,16,18,0,0.8888888888888888
700,2013,Niagara University,Purple Eagles,NIAG,D1,7,26,0,0.2692307692307692
701,2013,University of Louisiana at Lafayette,Ragin' Cajuns,ULL,D1,23,12,0,1.9166666666666667
702,2013,University of North Dakota,Fighting Hawks,UND,D1,17,17,0,1.0
703,2013,University of Notre Dame,Fighting Irish,ND,D1,15,17,0,0.8823529411764706
704,2013,Kent State University,Golden Flashes,KENT,D1,16,16,0,1.0
705,2013,"University of Minnesota, Twin Cities",Golden Gophers,MINN,D1,25,13,0,1.9230769230769231
706,2013,Lehigh University,Mountain Hawks,LEH,D1,14,18,0,0.7777777777777778
707,2013,Georgia Institute of Technology,Yellow Jackets,GT,D1,16,17,0,0.9411764705882353
708,2013,Campbell University,Fighting Camels,CAMP,D1,0,20,0,0.0
709,2013,"University of Illinois, Champaign",Fighting Illini,ILL,D1,20,15,0,1.3333333333333333
710,2013,Canisius College,Golden Griffins,CAN,D1,21,13,0,1.6153846153846154
711,2013,Florida International University,Golden Panthers,FIU,D1,15,16,0,0.9375
712,2013,"Rutgers, State Univ of New Jersey, New Brunswick",Scarlet Knights,RUTG,D1,12,21,0,0.5714285714285714
713,2013,Marshall University,Thundering Herd,MRSH,D1,11,22,0,0.5
714,2013,Oakland University,Golden Grizzlies,OAK,D1,13,20,0,0.65
715,2013,University of Tulsa,Golden Hurricane,TLSA,D1,21,13,0,1.6153846153846154
716,2013,Gardner-Webb University,Runnin' Bulldogs,WEBB,D1,18,15,0,1.2
717,2013,University of Delaware,Fightin Blue Hens,DEL,D1,25,10,0,2.5
718,2013,Newman University,Jets,NU,D2,9,17,0,0.5294117647058824
719,2013,Angelo State University,Rams,ASU,D2,19,9,0,2.111111111111111
720,2013,Thomas Jefferson University ,Rams,PHIL,D2,25,7,0,3.5714285714285716
721,2013,New York Institute of Technology,Bears,NYIT,D2,10,16,0,0.625
722,2013,Bluefield State College,Blues,BLST,D2,8,16,0,0.5
723,2013,Chowan University,Hawks,CHOW,D2,12,15,0,0.8
724,2013,Quincy University,Hawks,QU,D2,10,18,0,0.5555555555555556
725,2013,Rockhurst University,Hawks,ROCK,D2,7,18,0,0.3888888888888889
726,2013,Paine College,Lions,PC,D2,17,13,0,1.3076923076923077
727,2013,Molloy College,Lions,MC,D2,17,13,0,1.3076923076923077
728,2013,Mars Hill University,Lions,MHC,D2,7,20,0,0.35
729,2013,University of North Alabama,Lions,UNA,D2,23,10,0,2.3
730,2013,Missouri Southern State University,Lions,MSSU,D2,25,6,0,4.166666666666667
731,2013,"University of Arkansas, Fort Smith",Lions,UAFS,D2,21,7,0,3.0
732,2013,Lake Erie College,Storm,LEC,D2,10,18,0,0.5555555555555556
733,2013,"California State University, Dominguez Hills",Toros,CSUDH,D2,7,22,0,0.3181818181818182
734,2013,Cameron University,Aggies,CU,D2,11,15,0,0.7333333333333333
735,2013,Coker College,Cobras,COKE,D2,15,13,0,1.1538461538461537
736,2013,University of the Sciences in Philadelphia,Devils,US,D2,17,11,0,1.5454545454545454
737,2013,Chadron State College,Eagles,CSU,D2,11,15,0,0.7333333333333333
738,2013,San Francisco State University,Gators,SFSU,D2,14,12,0,1.1666666666666667
739,2013,Clayton State University,Lakers,CSU,D2,10,16,0,0.625
740,2013,Missouri University of Science and Technology,Miners,MZST,D2,12,15,0,0.8
741,2013,"California State University,  Monterey Bay",Otters,CSUMB,D2,10,15,0,0.6666666666666666
742,2013,Franklin Pierce University,Ravens,FPU,D2,21,8,0,2.625
743,2013,Flagler College,Saints,FC,D2,11,15,0,0.7333333333333333
744,2013,Limestone College,Saints,LC,D2,21,9,0,2.3333333333333335
745,2013,St. Martin's University,Saints,SMU,D2,9,17,0,0.5294117647058824
746,2013,Maryville University of Saint Louis,Saints,MARY,D2,13,14,0,0.9285714285714286
747,2013,Hawaii Pacific University,Sharks,HPU,D2,15,13,0,1.1538461538461537
748,2013,Nova Southeastern University,Sharks,NSU,D2,13,17,0,0.7647058823529411
749,2013,East Central University,Tigers,ECU,D2,15,12,0,1.25
750,2013,Fort Hays State University,Tigers,FHSU,D2,22,8,0,2.75
751,2013,University of West Alabama,Tigers,UWA,D2,18,11,0,1.6363636363636365
752,2013,Ouachita Baptist University,Tigers,OBU,D2,9,17,0,0.5294117647058824
753,2013,Lincoln University (Missouri),Tigers,LCLN,D2,3,24,0,0.125
754,2013,Salem International University,Tigers,SIU,D2,14,14,0,1.0
755,2013,Newberry College,Wolves,NC,D2,19,9,0,2.111111111111111
756,2013,Western Oregon University,Wolves,WOU,D2,18,12,0,1.5
757,2013,Cheyney University of Pennsylvania,Wolves,CHEY,D2,3,23,0,0.13043478260869565
758,2013,Lees-McRae College,Bobcats,LMC,D2,7,20,0,0.35
759,2013,West Virginia Wesleyan College,Bobcats,WVW,D2,20,12,0,1.6666666666666667
760,2013,Fayetteville State University,Broncos,FSU,D2,19,10,0,1.9
761,2013,Caldwell University,Cougars,CC,D2,17,12,0,1.4166666666666667
762,2013,Columbus State University,Cougars,CLMBST,D2,14,13,0,1.0769230769230769
763,2013,Colorado Christian University,Cougars,CCU,D2,18,15,0,1.2
764,2013,New Mexico Highlands University,Cowboys,NMHU,D2,11,15,0,0.7333333333333333
765,2013,Tiffin University,Dragons,TU,D2,11,16,0,0.6875
766,2013,Pfeiffer University,Falcons,PU,D2,6,21,0,0.2857142857142857
767,2013,Notre Dame College (Ohio),Falcons,NDC,D2,11,19,0,0.5789473684210527
768,2013,University of Texas of the Permian Basin,Falcons,UTPB,D2,16,11,0,1.4545454545454546
769,2013,Emporia State University,Hornets,ESU,D2,18,13,0,1.3846153846153846
770,2013,Catawba College,Indians,CC,D2,7,19,0,0.3684210526315789
771,2013,Queens College (New York),Knights,QC,D2,9,18,0,0.5
772,2013,Regis University (Colorado),Rangers,RU,D2,7,20,0,0.35
773,2013,"University of Wisconsin, Parkside",Rangers,UWP,D2,23,7,0,3.2857142857142856
774,2013,Henderson State University,Reddies,HSU,D2,14,17,0,0.8235294117647058
775,2013,Pace University,Setters,PU,D2,7,19,0,0.3684210526315789
776,2013,King University,Tornado,KU,D2,16,13,0,1.2307692307692308
777,2013,Eckerd College,Tritons,EC,D2,17,14,0,1.2142857142857142
778,2013,"University of Missouri, St. Louis",Tritons,UMSL,D2,16,12,0,1.3333333333333333
779,2013,"University of California, San Diego",Tritons,UCSD,D2,15,11,0,1.3636363636363635
780,2013,University of Mount Olive,Trojans,MOC,D2,19,9,0,2.111111111111111
781,2013,Anderson University (South Carolina),Trojans,AU,D2,22,10,0,2.2
782,2013,Elizabeth City State University,Vikings,ECSU,D2,14,13,0,1.0769230769230769
783,2013,University of Hawaii at Hilo,Vulcans,UHH,D2,7,20,0,0.35
784,2013,Lander University,Bearcats,LU,D2,17,12,0,1.4166666666666667
785,2013,McKendree University,Bearcats,MU,D2,9,17,0,0.5294117647058824
786,2013,Wingate University,Bulldogs,WU,D2,14,13,0,1.0769230769230769
787,2013,Bowie State University,Bulldogs,BWST,D2,14,14,0,1.0
788,2013,Ferris State University,Bulldogs,FSU,D2,10,16,0,0.625
789,2013,Truman State University,Bulldogs,TSU,D2,20,7,0,2.857142857142857
790,2013,University of Minnesota Duluth,Bulldogs,UMD,D2,12,15,0,0.8
791,2013,Southwestern Oklahoma State University,Bulldogs,SWOSU,D2,17,10,0,1.7
792,2013,Hillsdale College,Chargers,HC,D2,18,9,0,2.0
793,2013,University of Alabama in Huntsville,Chargers,UAH,D2,15,13,0,1.1538461538461537
794,2013,Mississippi College,Choctaws,MSC,D2,11,14,0,0.7857142857142857
795,2013,Chestnut Hill College,Griffins,CHC,D2,10,17,0,0.5882352941176471
796,2013,Seton Hill University,Griffins,SHU,D2,15,12,0,1.25
797,2013,Missouri Western State University,Griffons,MWU,D2,10,18,0,0.5555555555555556
798,2013,Midwestern State University,Mustangs,MSU,D2,24,8,0,3.0
799,2013,Western New Mexico University,Mustangs,WNMU,D2,2,23,0,0.08695652173913043
800,2013,Southwest Minnesota State University,Mustangs,SWMN,D2,19,12,0,1.5833333333333333
801,2013,Claflin University,Panthers,CU,D2,10,19,0,0.5263157894736842
802,2013,Ohio Dominican University,Panthers,ODU,D2,5,21,0,0.23809523809523808
803,2013,Virginia Union University,Panthers,VUU,D2,6,20,0,0.3
804,2013,Florida Institute of Technology,Panthers,FT,D2,16,13,0,1.2307692307692308
805,2013,Dallas Baptist University,Patriots,DBU,D2,14,14,0,1.0
806,2013,Francis Marion University,Patriots,FMU,D2,12,15,0,0.8
807,2013,Tusculum College,Pioneers,TC,D2,3,25,0,0.12
808,2013,Malone University,Pioneers,MU,D2,15,13,0,1.1538461538461537
809,2013,"California State University, East Bay",Pioneers,CSEB,D2,7,21,0,0.3333333333333333
810,2013,St. Mary's University (Texas),Rattlers,STMU,D2,19,9,0,2.111111111111111
811,2013,Palm Beach Atlantic University,Sailfish,PBA,D2,8,18,0,0.4444444444444444
812,2013,Fort Lewis College,Skyhawks,FLC,D2,18,10,0,1.8
813,2013,University of Tampa,Spartans,UT,D2,20,11,0,1.8181818181818181
814,2013,St. Thomas Aquinas College,Spartans,STAC,D2,15,14,0,1.0714285714285714
815,2013,Brevard College,Tornados,BVC,D2,4,22,0,0.18181818181818182
816,2013,Fort Valley State University,Wildcats,FVSU,D2,21,9,0,2.3333333333333335
817,2013,Northern Michigan University,Wildcats,NMU,D2,5,21,0,0.23809523809523808
818,2013,Central Washington University,Wildcats,CWU,D2,12,14,0,0.8571428571428571
819,2013,Wayne State College (Nebraska),Wildcats,WYNST,D2,9,19,0,0.47368421052631576
820,2013,Wilmington University (Delaware),Wildcats,WILM,D2,9,19,0,0.47368421052631576
821,2013,Notre Dame de Namur University,Argonauts,NDNU,D2,7,19,0,0.3684210526315789
822,2013,William Jewell College,Cardinals,WJC,D2,11,16,0,0.6875
823,2013,Belmont Abbey College,Crusaders,BAC,D2,11,16,0,0.6875
824,2013,North Greenville University,Crusaders,NGU,D2,14,14,0,1.0
825,2013,Northwest Nazarene University,Crusaders,NNU,D2,7,19,0,0.3684210526315789
826,2013,Adams State University,Grizzlies,ADAM,D2,17,10,0,1.7
827,2013,Texas A&M University-Kingsville,Javelinas,TAMK,D2,8,19,0,0.42105263157894735
828,2013,Goldey-Beacom College,Lightning,GBC,D2,10,16,0,0.625
829,2013,LeMoyne-Owen College,Magicians,LOC,D2,10,17,0,0.5882352941176471
830,2013,University of Mary,Marauders,UM,D2,7,21,0,0.3333333333333333
831,2013,Central State University,Marauders,CSU,D2,16,11,0,1.4545454545454546
832,2013,Millersville University of Pennsylvania,Marauders,MILL,D2,13,14,0,0.9285714285714286
833,2013,Mercy College,Mavericks,MRCY,D2,3,23,0,0.13043478260869565
834,2013,Colorado Mesa University,Mavericks,CMU,D2,13,14,0,0.9285714285714286
835,2013,Sonoma State University,Seawolves,SNST,D2,7,19,0,0.3684210526315789
836,2013,University of Alaska Anchorage,Seawolves,UAA,D2,17,13,0,1.3076923076923077
837,2013,Texas A&M International University,Dustdevils,TAMI,D2,22,9,0,2.4444444444444446
838,2013,Eastern New Mexico University,Greyhounds,ENMU,D2,14,13,0,1.0769230769230769
839,2013,Georgia Southwestern State University,Hurricanes,GSW,D2,19,11,0,1.7272727272727273
840,2013,Southern Arkansas University,Muleriders,SAU,D2,12,16,0,0.75
841,2013,North Georgia College & State University,Nighthawks,UNG,D2,12,14,0,0.8571428571428571
842,2013,Northeastern State University,Riverhawks,NSU,D2,16,13,0,1.2307692307692308
843,2013,Kentucky State University,Thorobreds,KSU,D2,15,14,0,1.0714285714285714
844,2013,Albany State University (Georgia),Golden Rams,ALBS,D2,15,13,0,1.1538461538461537
845,2013,South Dakota School of Mines & Technology,Hardrockers,SDSMT,D2,6,20,0,0.3
846,2013,St. Edward's University,Hilltoppers,SEU,D2,10,17,0,0.5882352941176471
847,2013,Oakland City University,Mighty Oaks,OAKC,D2,21,6,0,3.5
848,2013,Metropolitan State University of Denver,Roadrunners,METS,D2,32,2,0,16.0
849,2013,Arkansas Tech University,Wonder Boys,ATU,D2,20,10,0,2.0
850,2013,Urbana University,Blue Knights,URB,D2,0,27,0,0.0
851,2013,"University of Arkansas, Monticello",Boll Weevils,ARKM,D2,19,10,0,1.9
852,2013,Erskine College,Flying Fleet,ERSK,D2,15,12,0,1.25
853,2013,Miles College,Golden Bears,MILES,D2,4,24,0,0.16666666666666666
854,2013,"Concordia University, St. Paul",Golden Bears,CUSP,D2,8,19,0,0.42105263157894735
855,2013,Western State College of Colorado,Mountaineers,WSC,D2,3,24,0,0.125
856,2013,Mansfield University of Pennsylvania,Mountaineers,MU,D2,8,18,0,0.4444444444444444
857,2013,Southeastern Oklahoma State University,Savage Storm,SOSU,D2,9,18,0,0.5
858,2013,Chaminade University,Silverswords,CHA,D2,19,13,0,1.4615384615384615
859,2013,Northwood University (Michigan),Timberwolves,NWOOD,D2,18,13,0,1.3846153846153846
860,2013,"University of Minnesota, Crookston",Golden Eagles,UMC,D2,4,23,0,0.17391304347826086
861,2013,"California State University, Los Angeles",Golden Eagles,CSLA,D2,15,12,0,1.25
862,2013,Tuskegee University,Golden Tigers,TUSK,D2,21,12,0,1.75
863,2013,Morehouse College,Maroon Tigers,MC,D2,7,20,0,0.35
864,2013,University of Illinois at Springfield,Prairie Stars,UIS,D2,10,18,0,0.5555555555555556
865,2013,Montana State University Billings,Yellowjackets,MSUB,D2,12,15,0,0.8
866,2013,Ohio Valley University,Fighting Scots,OVU,D2,4,23,0,0.17391304347826086
867,2013,The College of Saint Rose,Golden Knights,CSR,D2,13,14,0,0.9285714285714286
868,2013,"University of Colorado, Colorado Springs",Mountain Lions,UCCS,D2,21,9,0,2.3333333333333335
869,2013,Cedarville University,Yellow Jackets,CEDV,D2,10,18,0,0.5555555555555556
870,2013,Black Hills State University,Yellow Jackets,BHSU,D2,10,17,0,0.5882352941176471
871,2013,Rhodes College,Lynx,RHOC,D3,15,12,0,1.25
872,2013,Lesley University,Lynx,LESL,D3,7,17,0,0.4117647058823529
873,2013,Suffolk University,Rams,SUFF,D3,9,17,0,0.5294117647058824
874,2013,Farmingdale State College,Rams,FARM,D3,18,9,0,2.0
875,2013,Ursinus College,Bears,URS,D3,6,19,0,0.3157894736842105
876,2013,U.S. Coast Guard Academy,Bears,USCG,D3,6,20,0,0.3
877,2013,Nichols College,Bison,NICH,D3,23,7,0,3.2857142857142856
878,2013,Gallaudet University,Bison,GALL,D3,6,19,0,0.3157894736842105
879,2013,Haverford College,Fords,HAV,D3,8,16,0,0.5
880,2013,Hartwick College,Hawks,HART,D3,18,10,0,1.8
881,2013,Emerson College,Lions,EMC,D3,13,13,0,1.0
882,2013,Piedmont College,Lions,PIE,D3,9,16,0,0.5625
883,2013,Mount St. Joseph University,Lions,MSJ,D3,17,9,0,1.8888888888888888
884,2013,Sul Ross State University,Lobos,SRSU,D3,11,15,0,0.7333333333333333
885,2013,Kenyon College,Lords,KENY,D3,12,14,0,0.8571428571428571
886,2013,Pacific Lutheran University,Lutes,PLUT,D3,8,17,0,0.47058823529411764
887,2013,Greensboro College,Pride,GRC,D3,12,15,0,0.8
888,2013,Widener University,Pride,WIDE,D3,13,12,0,1.0833333333333333
889,2013,Rowan University,Profs,ROW,D3,12,13,0,0.9230769230769231
890,2013,Alma College,Scots,ALMA,D3,7,18,0,0.3888888888888889
891,2013,Simpson College,Storm,SCS,D3,4,21,0,0.19047619047619047
892,2013,Crown College (MN),Storm,CC,D3,12,15,0,0.8
893,2013,Emory and Henry College,Wasps,EMHE,D3,4,22,0,0.18181818181818182
894,2013,Pacific University (Oregon),Boxers,PACO,D3,16,9,0,1.7777777777777777
895,2013,George Fox University,Bruins,GFU,D3,16,9,0,1.7777777777777777
896,2013,Olivet College,Comets,OC,D3,5,20,0,0.25
897,2013,University of Texas at Dallas,Comets,TDC,D3,27,4,0,6.75
898,2013,"Fairleigh Dickinson University, Florham",Devils,FDUF,D3,13,13,0,1.0
899,2013,Eastern University,Eagles,EAST,D3,11,14,0,0.7857142857142857
900,2013,University of Mary Washington,Eagles,UMW,D3,25,6,0,4.166666666666667
901,2013,Bridgewater College (Virginia),Eagles,BWAT,D3,14,12,0,1.1666666666666667
902,2013,University of the Ozarks (Arkansas),Eagles,UOZ,D3,8,18,0,0.4444444444444444
903,2013,Keystone College,Giants,KEY,D3,11,15,0,0.7333333333333333
904,2013,Millsaps College,Majors,MILL,D3,8,16,0,0.5
905,2013,Peace College,Pacers,WPU,D3,9,16,0,0.5625
906,2013,Marywood University,Pacers,MU,D3,10,15,0,0.6666666666666666
907,2013,Anderson University (Indiana),Ravens,AND,D3,6,19,0,0.3157894736842105
908,2013,Eastern Mennonite University,Royals,EMU,D3,17,11,0,1.5454545454545454
909,2013,Thomas More College,Saints,TMC,D3,15,13,0,1.1538461538461537
910,2013,Colorado College,Tigers,CC,D3,17,8,0,2.125
911,2013,Wittenberg University,Tigers,WIT,D3,21,8,0,2.625
912,2013,Hampden-Sydney College,Tigers,HSC,D3,16,13,0,1.2307692307692308
913,2013,University of the South,Tigers,SEW,D3,13,13,0,1.0
914,2013,Trinity University (Texas),Tigers,TRIN,D3,19,10,0,1.9
915,2013,Westminster College (Pennsylvania),Titans,WM,D3,3,23,0,0.13043478260869565
916,2013,Oberlin College,Yeomen,OBER,D3,7,19,0,0.3684210526315789
917,2013,Bluffton University,Beavers,BLUF,D3,10,15,0,0.6666666666666666
918,2013,Buena Vista University,Beavers,BV,D3,14,13,0,1.0769230769230769
919,2013,The City College of New York,Beavers,CCNY,D3,7,19,0,0.3684210526315789
920,2013,California Institute of Technology,Beavers,CIT,D3,3,22,0,0.13636363636363635
921,2013,Denison University,Big Red,DEN,D3,12,14,0,0.8571428571428571
922,2013,Hood College,Blazers,HC,D3,18,11,0,1.6363636363636365
923,2013,Frostburg State University,Bobcats,FSU,D3,3,22,0,0.13636363636363635
924,2013,Albion College,Britons,ALB,D3,14,12,0,1.1666666666666667
925,2013,Kean University,Cougars,KEAN,D3,16,14,0,1.1428571428571428
926,2013,Averett University,Cougars,AVE,D3,12,14,0,0.8571428571428571
927,2013,Medgar Evers College,Cougars,MEC,D3,2,23,0,0.08695652173913043
928,2013,"University of Minnesota, Morris",Cougars,MMOR,D3,16,10,0,1.6
929,2013,Hardin-Simmons University,Cowboys,H-S,D3,19,9,0,2.111111111111111
930,2013,Messiah College,Falcons,MESS,D3,19,6,0,3.1666666666666665
931,2013,Albertus Magnus College,Falcons,AMAG,D3,28,3,0,9.333333333333334
932,2013,Goucher College,Gophers,GOUC,D3,10,15,0,0.6666666666666666
933,2013,Kalamazoo College,Hornets,KALA,D3,10,15,0,0.6666666666666666
934,2013,Lyndon State College,Hornets,LYN,D3,13,14,0,0.9285714285714286
935,2013,Shenandoah University,Hornets,SHEN,D3,12,14,0,0.8571428571428571
936,2013,Mount Saint Mary College (New York),Knights,MSMC,D3,21,7,0,3.0
937,2013,Coe College,Kohawks,COE,D3,11,14,0,0.7857142857142857
938,2013,Worcester State University,Lancers,WORC,D3,12,14,0,0.8571428571428571
939,2013,Roanoke College,Maroons,ROA,D3,12,13,0,0.9230769230769231
940,2013,Southwestern University (Texas),Pirates,SW,D3,8,18,0,0.4444444444444444
941,2013,Earlham College,Quakers,EARL,D3,5,20,0,0.25
942,2013,Guilford College,Quakers,GC,D3,17,9,0,1.8888888888888888
943,2013,Milwaukee School of Engineering,Raiders,MSOE,D3,21,5,0,4.2
944,2013,"Rutgers, The State Univ. of New Jersey, Newark",Raiders,RUTR,D3,20,9,0,2.2222222222222223
945,2013,Thiel College,Tomcats,THIE,D3,10,13,0,0.7692307692307693
946,2013,Berry College,Vikings,BER,D3,5,21,0,0.23809523809523808
947,2013,North Park University,Vikings,NPU,D3,3,21,0,0.14285714285714285
948,2013,Baruch College,Bearcats,BARU,D3,14,12,0,1.1666666666666667
949,2013,Willamette University,Bearcats,WU,D3,3,22,0,0.13636363636363635
950,2013,Elmhurst College,Bluejays,ELM,D3,14,11,0,1.2727272727272727
951,2013,Adrian College,Bulldogs,ADRN,D3,5,20,0,0.25
952,2013,Texas Lutheran University,Bulldogs,TLU,D3,9,17,0,0.5294117647058824
953,2013,Centenary University (New Jersey),Cyclones,CENT,D3,7,18,0,0.3888888888888889
954,2013,College of Staten Island,Dolphins,CSI,D3,28,3,0,9.333333333333334
955,2013,College of Mount St. Vincent,Dolphins,MSTV,D3,8,17,0,0.47058823529411764
956,2013,Union College (New York),Dutchmen,UNIN,D3,10,14,0,0.7142857142857143
957,2013,Washington and Lee University,Generals,WLEE,D3,8,20,0,0.4
958,2013,Fontbonne University,Griffins,FU,D3,9,16,0,0.5625
959,2013,Gwynedd Mercy University,Griffins,GWYN,D3,19,7,0,2.7142857142857144
960,2013,California Lutheran University,Kingsmen,CLT,D3,19,8,0,2.375
961,2013,University of La Verne,Leopards,LAV,D3,10,15,0,0.6666666666666666
962,2013,Wentworth Institute of Technology,Leopards,WIT,D3,12,15,0,0.8
963,2013,Mitchell College,Mariners,MITCH,D3,19,8,0,2.375
964,2013,U.S. Merchant Marine Academy,Mariners,USMMA,D3,12,14,0,0.8571428571428571
965,2013,Methodist University,Monarchs,MU,D3,10,16,0,0.625
966,2013,Mount Ida College,Mustangs,MIDA,D3,5,20,0,0.25
967,2013,Morrisville State College,Mustangs,MSC,D3,22,9,0,2.4444444444444446
968,2013,Ferrum College,Panthers,FERR,D3,11,16,0,0.6875
969,2013,La Grange College,Panthers,LGRA,D3,18,11,0,1.6363636363636365
970,2013,Chapman University,Panthers,CHAP,D3,18,10,0,1.8
971,2013,Greenville College,Panthers,GRNV,D3,15,10,0,1.5
972,2013,"University of Pittsburgh, Bradford",Panthers,PTBF,D3,16,11,0,1.4545454545454546
973,2013,State University College at Old Westbury,Panthers,NYOB,D3,15,13,0,1.1538461538461537
974,2013,University of Texas at Tyler,Patriots,UTT,D3,15,12,0,1.25
975,2013,Utica College,Pioneers,UTIC,D3,8,17,0,0.47058823529411764
976,2013,Lewis & Clark College,Pioneers,LCC,D3,17,9,0,1.8888888888888888
977,2013,Transylvania University,Pioneers,TUP,D3,9,17,0,0.5294117647058824
978,2013,Pomona-Pitzer Colleges,Sagehens,PP,D3,18,8,0,2.25
979,2013,Salve Regina University,Seahawks,SALV,D3,17,11,0,1.5454545454545454
980,2013,St. Mary's College of Maryland,Seahawks,SMCM,D3,19,8,0,2.375
981,2013,Washington College (Maryland),Shoremen,WC,D3,5,20,0,0.25
982,2013,Aurora University,Spartans,AUR,D3,18,9,0,2.0
983,2013,Manchester University,Spartans,MNCH,D3,5,20,0,0.25
984,2013,University of Dubuque,Spartans,DUBU,D3,21,5,0,4.2
985,2013,Case Western Reserve University,Spartans,CWR,D3,14,11,0,1.2727272727272727
986,2013,Hiram College,Terriers,HIRA,D3,6,19,0,0.3157894736842105
987,2013,Thomas College,Terriers,TC,D3,11,15,0,0.7333333333333333
988,2013,Manhattanville College,Valiants,MC,D3,11,15,0,0.7333333333333333
989,2013,Hendrix College,Warriors,HEND,D3,10,16,0,0.625
990,2013,Linfield College,Wildcats,LIN,D3,5,20,0,0.25
991,2013,Randolph College,Wildcats,RAND,D3,15,11,0,1.3636363636363635
992,2013,Wheelock College,Wildcats,WLCK,D3,3,22,0,0.13636363636363635
993,2013,Louisiana College,Wildcats,LC,D3,12,15,0,0.8
994,2013,Johnson and Wales University,Wildcats,JWRI,D3,23,7,0,3.2857142857142856
995,2013,Westminster College (Missouri),Blue Jays,WEST,D3,14,12,0,1.1666666666666667
996,2013,Catholic University,Cardinals,CATH,D3,14,12,0,1.1666666666666667
997,2013,Saint Mary's University of Minnesota,Cardinals,STMN,D3,3,22,0,0.13636363636363635
998,2013,Cabrini University ,Cavaliers,CU,D3,26,2,0,13.0
999,2013,Capital University,Crusaders,CAP,D3,12,14,0,0.8571428571428571
1000,2013,Susquehanna University,Crusaders,SUSQ,D3,16,10,0,1.6
1001,2013,Baptist Bible College,Defenders,SU,D3,9,16,0,0.5625
1002,2013,Massachusetts Institute of Technology,Engineers,MIT,D3,20,9,0,2.2222222222222223
1003,2013,Centenary College (Louisiana),Gentlemen,CCLA,D3,18,10,0,1.8
1004,2013,Austin College,Kangaroos,AUS,D3,9,16,0,0.5625
1005,2013,Medaille College,Mavericks,MC,D3,14,12,0,1.1666666666666667
1006,2013,La Roche College,Red Hawks,LARO,D3,14,12,0,1.1666666666666667
1007,2013,Salisbury University,Sea Gulls,SAL,D3,14,12,0,1.1666666666666667
1008,2013,McMurry University,War Hawks,MCM,D3,12,15,0,0.8
1009,2013,Moravian College,Greyhounds,MC,D3,11,13,0,0.8461538461538461
1010,2013,Newbury College,Nighthawks,NEW,D3,3,22,0,0.13636363636363635
1011,2013,Eureka College,Red Devils,EC,D3,5,20,0,0.25
1012,2013,Wesley College,Wolverines,WC,D3,23,4,0,5.75
1013,2013,John Jay College of Criminal Justice,Bloodhounds,JJC,D3,9,17,0,0.5294117647058824
1014,2013,Northland College,LumberJacks,NORC,D3,5,20,0,0.25
1015,2013,Immaculata University,Mighty Macs,IMM,D3,11,15,0,0.7333333333333333
1016,2013,Ohio Northern University,Polar Bears,ONU,D3,16,10,0,1.6
1017,2013,State University College at Oneonta,Red Dragons,ONEO,D3,12,14,0,0.8571428571428571
1018,2013,"University of California, Santa Cruz",Banana Slugs,UCSC,D3,4,21,0,0.19047619047619047
1019,2013,Western New England University,Golden Bears,WNEU,D3,7,18,0,0.3888888888888889
1020,2013,Schreiner University,Mountaineers,SCHR,D3,15,12,0,1.25
1021,2013,Southern Vermont College,Mountaineers,SVT,D3,16,10,0,1.6
1022,2013,Spalding University,Golden Eagles,SU,D3,19,8,0,2.375
1023,2013,Nazareth College,Golden Flyers,NC,D3,19,8,0,2.375
1024,2013,Wabash College,Little Giants,WC,D3,8,17,0,0.47058823529411764
1025,2013,Penn State Harrisburg,Nittany Lions,PSH,D3,8,17,0,0.47058823529411764
1026,2013,University of Wisconsin-Superior,Yellowjackets,UWS,D3,7,18,0,0.3888888888888889
1027,2013,Oglethorpe University,Stormy Petrels,OU,D3,21,7,0,3.0
1028,2013,Defiance College,Yellow Jackets,DEFC,D3,20,6,0,3.3333333333333335
1029,2013,LeTourneau University,Yellow Jackets,LETU,D3,5,20,0,0.25
1030,2013,Howard Payne University,Yellow Jackets,HPU,D3,5,20,0,0.25
1031,2013,Lebanon Valley College,Flying Dutchmen,LV,D3,9,16,0,0.5625
1032,2013,Heidelberg University,Student Princes,HEID,D3,7,18,0,0.3888888888888889
1033,2013,North Carolina Wesleyan College,Battling Bishops,NCW,D3,13,13,0,1.0
1034,2013,Muskingum University,Fighting Muskies,MUSK,D3,8,17,0,0.47058823529411764
1035,2013,Geneva College,Golden Torandoes,GNV,D3,7,21,0,0.3333333333333333
1036,2013,University of St. Thomas (Minnesota),Celts,STTX,NAIA,22,6,0,3.6666666666666665
1037,2013,Covenant College,Scots,COV,NCCAA,8,17,0,0.47058823529411764
1038,2013,University of Dallas,Crusaders,DCC,NCCAA,12,14,0,0.8571428571428571
1039,2013,Cairn University,Highlanders,CAIR,NCCAA,2,23,0,0.08695652173913043
1040,2013,University of Maine at Presque Isle,Owls,M-PI,USCAA,5,10,0,0.5
1041,2013,St. Joseph's College (Brooklyn),Bears,SNY,USCAA,18,9,0,2.0
1042,2013,"Penn State University, Altoona",Nittany Lions,PSMA,USCAA,5,20,0,0.25
